time,mean_direct,mean_unorder,mean_order,var_direct,var_unorder,var_order
1,0.27277999999999997,0.28736999999999996,0.273746,0.056946698,0.04778409070000001,0.054556004684
2,0.20477200000000004,0.22920399999999996,0.22678800000000002,0.037824080816,0.028572042384000004,0.028552540655999995
3,0.128752,0.16864200000000001,0.17014800000000002,0.016894642496,0.013171337836000002,0.011635005295999996
4,0.083236,0.14141199999999998,0.15692599999999998,0.010005241904000001,0.007067629456,0.008170024523999998
5,0.042536,0.11841800000000001,0.120236,0.0029939775040000007,0.002633269675999999,0.0019822451039999997
6,0.04462,0.122214,0.08107199999999999,0.001965115600000001,0.0016397570040000004,0.005426411616
7,0.030165999999999995,0.12125399999999999,0.08765,0.0008499104439999998,0.0010737518840000001,0.0010976858999999998
8,0.01655,0.12297799999999999,0.08681999999999998,6.247499999999987e-06,0.000599793516,0.003560390800000001
