time,mean_direct,mean_unorder,mean_order,var_direct,var_unorder,var_order
1,0.07233023770425985,0.12566744605666053,0.12712885317107206,0.000678215515149893,0.0011635846036410647,0.0017243404318933843
2,0.0694091210565026,0.08727226950764955,0.08070313823631116,0.00038130020440817994,0.0018016259245664471,0.0019073170787383747
3,0.06948969750103819,0.04564308244714993,0.03831200650344726,0.0002725039279377801,0.0010728775972544255,0.0006510888367735754
4,0.07071710093090128,0.027140918223209777,0.026354046578770714,0.00024424965114047844,0.00011486480156507883,0.00010427806973690231
5,0.07437405256241494,0.025367616343530845,0.02554387338746246,0.00024528869542313295,4.461429871875193e-06,3.872902320410206e-06
6,0.07409377440727971,0.0271754345375021,0.027577390483853007,0.00025147921466338807,1.8754357590872409e-06,1.1605347944235154e-06
7,0.0757400890303805,0.02837066710298524,0.028657623944726388,0.000287836955534,4.569609819259135e-07,2.0004594889177578e-07
8,0.07687731485586849,0.028978972174240884,0.02905975112227581,0.0002907539978334172,3.4745630831521187e-08,8.115745885810512e-09
