time,mean_direct,mean_unorder,mean_order,var_direct,var_unorder,var_order
1,0.07234960882112468,0.12756030311948743,0.12494765699565472,0.0006410224647711414,0.001192389124752842,0.0016941781003955959
2,0.06993874375867777,0.09069173014457504,0.08386297052744186,0.00039511308570376456,0.0021874459714765686,0.0020756383989332314
3,0.0696510471834295,0.046151724519451695,0.040072564352494365,0.00032779900161373354,0.0010521144157397497,0.0007225631909719804
4,0.07184860007098731,0.026470363869330497,0.026188333050198315,0.0003328722507603621,5.145370672955352e-05,7.986243052696804e-05
5,0.0749516959533776,0.025205197087464805,0.02563398373654611,0.00030759630506114886,5.104669324905332e-06,5.391426681969017e-06
6,0.07706224800922022,0.02726661957448008,0.02755754672160634,0.0003178651294576612,1.479773145384725e-06,9.64471689741266e-07
7,0.07763875473330446,0.02840358947580457,0.028663811266445918,0.0003191554441461993,3.705734195288631e-07,1.418154918692465e-07
8,0.07765314205124518,0.028985496163162417,0.029055274388062057,0.00033342791485663545,2.8138199102014313e-08,6.921618763953502e-09
