time,mean_direct,mean_unorder,mean_order,var_direct,var_unorder,var_order
1,0.07233023770425985,0.11231473108583036,0.10577885908353131,0.000678215515149893,0.0016408550290662944,0.0021849058313563037
2,0.0694091210565026,0.041828538406280744,0.029216484119976332,0.00038130020440817994,0.0009723666941142644,0.00020280494046453855
3,0.06948969750103819,0.025703230156604563,0.025020329588879654,0.0002725039279377801,5.758113585530222e-05,3.445458495336173e-06
4,0.07071710093090128,0.027255830361818677,0.02788701194666922,0.00024424965114047844,2.4235333169595053e-06,8.364242521048197e-07
5,0.07437405256241494,0.028724653468759506,0.028948730518913047,0.00024528869542313295,3.274900967243569e-07,5.955234056887267e-08
6,0.07409377440727971,0.02913019662148581,0.029180261530732676,0.00025147921466338807,1.4505673736731054e-08,8.79424032475003e-10
7,0.0757400890303805,0.029199107683888968,0.029208107653839733,0.000287836955534,4.798445123846008e-10,6.995626444208352e-12
8,0.07687731485586849,0.029210368637121294,0.02921106315652198,0.0002907539978334172,1.1694269169374775e-12,4.830347586639631e-14
