time,mean_direct,mean_unorder,mean_order,var_direct,var_unorder,var_order
1,0.06342211617082251,0.057361782262076486,0.05644153764160748,0.0008600201917575907,0.0010034204161837445,0.0009993665703960319
2,0.07047093383443875,0.05995050863323823,0.06086655532529094,0.0008184830970138195,0.001063039594987981,0.001098176501811969
3,0.07805041889506978,0.06816307814373189,0.06872307229576805,0.0005133465901333124,0.0011918880097207569,0.0011771226887544656
4,0.08336733062897919,0.0767834489485978,0.0778463189152326,0.00027980198988224034,0.0009579797417780697,0.0009464941649050948
5,0.08707641706455449,0.0839866034174888,0.08383179307178706,8.528383987131836e-05,0.000678449174232722,0.0005983170662798074
6,0.08666824020650515,0.0868211146278527,0.08770655985749473,7.463584537145271e-05,0.0004865443167228423,0.0004286666044313211
7,0.08658221731770709,0.08940243372773977,0.0894759914294131,6.337909886516926e-05,0.0003466920107751775,0.000278126504018633
8,0.08529019170209767,0.09099842363885104,0.0889377317981167,6.785977383668104e-05,0.0002731976424019361,0.00019556024646443518
