time,mean_direct,mean_unorder,mean_order,var_direct,var_unorder,var_order
1,0.08829625364446522,0.12369423601820227,0.12700700381024263,0.0015414373401697525,0.0011462912592973022,0.001646495812576021
2,0.09039991759226508,0.08410435450299523,0.08515354705741002,0.0012399044600038716,0.001998768955843416,0.00227322750812517
3,0.08855583870188914,0.04707459834009898,0.044633809255535374,0.0006872187239050013,0.0013151187918108225,0.0010904362203271877
4,0.09482349224925068,0.028151356190637827,0.02941802515834516,0.0005389598163133792,0.00015354269707541952,0.00012653695875755881
5,0.10049854080496103,0.0256988472784192,0.02722205988475217,0.0004772881585958057,7.152270566201616e-06,3.0371749995043733e-06
6,0.10706070976907486,0.027156154931722676,0.028265600028522974,0.0003734009211609754,2.416440364362153e-06,5.51428362051332e-07
7,0.11249481838098935,0.028363707667212714,0.028921849209242248,0.00033587874941304205,5.25417961631531e-07,5.8100117202268925e-08
8,0.11828104429947539,0.028963343533513076,0.029130593064097664,0.0002730754053512144,4.828906794431702e-08,4.557863842081812e-09
